{
    "aviation":"aviation",
    "hindi":"hindi",
    "geography":"geography",
    "masterofarts":"masterofarts",
    "masterofscience":"masterofscience",
    "bachelorofvocation":"bachelorofvocation",
    "bachelorofarts":"bachelorofarts",
    "bachelorofscience":"bachelorofscience",
    "computerscience":"computerscience",
    "END_OF_MAIN_CITY_LIST": "BEGINING_OF_SYNONYMS",
    "avn":"aviation",
    "av":"aviation",
    "avia":"aviation",
    "aviat":"aviation",
    "aviat.":"aviation",
    "hin":"hindi",
    "hi":"hindi",
    "hin.":"hindi",
    "geog":"geography",
    "geog.":"geography",
    "geo":"geography",
    "ma":"masterofarts",
    "m.a.":"masterofarts",
    "am":"masterofarts",
    "a.m.":"masterofarts",
    "moa":"masterofarts",
    "mart":"masterofarts",
    "m.art.":"masterofarts",
    "master of arts":"masterofarts",
    "master in arts":"masterofarts",
    "master arts":"masterofarts",
    "msci.":"masterofscience",
    "m.sci.":"masterofscience",
    "m.s.":"masterofscience",
    "ms":"masterofscience",
    "master of science":"masterofscience",
    "master in science":"masterofscience",
    "master science":"masterofscience",
    "bvoc":"bachelorofvocation",
    "b.voc.":"bachelorofvocation",
    "bachelor vocation":"bachelorofvocation",
    "ba":"bachelorofarts",
    "b.a.":"bachelorofarts",
    "bachelor of arts":"bachelorofarts",
    "bachelor in arts":"bachelorofarts",
    "b.art.":"bachelorofarts",
    "bart.":"bachelorofarts",
    "bsc":"bachelorofscience",
    "bs":"bachelorofscience",
    "b.sc.":"bachelorofscience",
    "b.sci.":"bachelorofscience",
    "bachelor in science":"bachelorofscience",
    "bachelor of science":"bachelorofscience",
    "bs.":"bachelorofscience",
    "cs":"computerscience",
    "computer science":"computerscience",
    "comp sci":"computerscience",
    "comp.sci.":"computerscience",
    "comp. sci.":"computerscience",
    "csci":"computerscience"
}