{
    "computerscience":"computerscience",
    "chemistry":"chemistry",
    "biochemistry":"biochemistry",
    "geography":"geography",
    "mathematics":"mathematics",
    "geology":"geology",
    "biotechnology":"biotechnology",
    "botany":"botany",
    "physics":"physics",
    "english":"english",
    "economics":"economics",
    "hindi":"hindi",
    "history":"history",
    "french":"french",
    "konkani":"konkani",
    "marathi":"marathi",
    "psychology":"psychology",
    "philosophy":"philosophy",
    "sociology":"sociology",
    "portuguese":"portuguese",
    "softwaredevelopment":"softwaredevelopment",
    "multimedia":"multimedia",
    "vfx":"vfx",
    "zoology":"zoology",
    "END_OF_MAIN_CITY_LIST": "BEGINING_OF_SYNONYMS",
    "cs":"computerscience",
    "cs.":"computerscience",
    "computer science":"computerscience",
    "comp sci":"computerscience",
    "comp.sci.":"computerscience",
    "comp. sci.":"computerscience",
    "csci":"computerscience",
    "chem":"chemistry",
    "chy":"chemistry",
    "chy.":"chemistry",
    "chm":"chemistry",
    "chm.":"chemistry",
    "chem.":"chemistry",
    "che":"chemistry",
    "che.":"chemistry",
    "bio":"biochemistry",
    "biochem":"biochemistry",
    "bch":"biochemistry",
    "bchm":"biochemistry",
    "bioc":"biochemistry",
    "biochem.":"biochemistry",
    "bich.":"biochemistry",
    "bc.":"biochemistry",
    "bio.chem.":"biochemistry",
    "bichaw.":"biochemistry",
    "geog":"geography",
    "geog.":"geography",
    "geo":"geography",
    "math":"mathematics",
    "mth":"mathematics",
    "geol":"geology",
    "egeol":"geology",
    "geol.":"geology",
    "biotech":"biotechnology",
    "biotech.":"biotechnology",
    "bt":"biotechnology",
    "btech.":"biotechnology",
    "biot.":"biotechnology",
    "biotechnol":"biotechnology",
    "bio technology":"biotechnology",
    "bot":"botany",
    "bot.":"botany",
    "phys":"physics",
    "phys.":"physics",
    "phy":"physics",
    "phy.":"physics",
    "eng":"english",
    "en":"english",
    "eng.":"english",
    "econ":"economics",
    "ec":"economics",
    "eco":"economics",
    "econ.":"economics",
    "hin":"hindi",
    "hi":"hindi",
    "hin.":"hindi",
    "fr":"french",
    "fr.":"french",
    "fre":"french",
    "fren":"french",
    "kok":"konkani",
    "kokani":"konkani",
    "mar":"marathi",
    "mr":"marathi",
    "psy":"psychology",
    "psyc":"psychology",
    "psych.":"psychology",
    "psychol.":"psychology",
    "phil":"philosophy",
    "philos":"philosophy",
    "phi":"philosophy",
    "philos.":"philosophy",
    "ph.":"philosophy",
    "phl":"philosophy",
    "soc":"sociology",
    "soc.":"sociology",
    "sociol.":"sociology",
    "socio":"sociology",
    "socy":"sociology",
    "soci":"sociology",
    "pt":"portuguese",
    "port.":"portuguese",
    "porto.":"portuguese",
    "por.":"portuguese",
    "por":"portuguese",
    "sd":"softwaredevelopment",
    "soft. dev.":"softwaredevelopment",
    "softdev":"softwaredevelopment",
    "software dev.":"softwaredevelopment",
    "software dev":"softwaredevelopment",
    "mm":"multimedia",
    "multimed":"multimedia",
    "multi media":"multimedia",
    "multi-media":"multimedia",
    "visual effects":"vfx",
    "virtual reality vfx":"vfx",
    "vr vfx":"vfx",
    "zool.":"zoology",
    "zool":"zoology"
}