{
    "undergraduate":"undergraduate",
    "postgraduate":"postgraduate",
    "postgraduatediploma":"postgraduatediploma",
    "diploma":"diploma",
    "doctorofphilosophy":"doctorofphilosophy",
    "END_OF_MAIN_CITY_LIST": "BEGINING_OF_SYNONYMS",
    "ug":"undergraduate",
    "under graduate":"undergraduate",
    "ugrd":"undergraduate",
    "und.grad":"undergraduate",
    "undergrad":"undergraduate",
    "undergrad.":"undergraduate",
    "under. grad.":"undergraduate",
    "pg":"postgraduate",
    "post graduate":"postgraduate",
    "postgrad.":"postgraduate",
    "post. grad.":"postgraduate",
    "pgdip":"postgraduatediploma",
    "post graduate diploma":"postgraduatediploma",
    "postgraduate diploma":"postgraduatediploma",
    "post. grad. dip.":"postgraduatediploma",
    "dip.":"diploma",
    "dipl.":"diploma",
    "phd":"doctorofphilosophy",
    "ph.d.":"doctorofphilosophy",
    "dphil":"doctorofphilosophy"
}